"計算対象","日付","内容","金額（円）","保有金融機関","大項目","中項目","メモ","振替","ID"
"1","2026/07/31","スーパー〇〇","-3200","〇〇銀行","食費","食料品","","0","e2e0000001"
"1","2026/07/28","給与","300000","〇〇銀行","収入","給与","7月分","0","e2e0000002"
"1","2026/07/20","電気代","-8000","〇〇銀行","水道・光熱費","電気","","0","e2e0000003"
"1","2026/07/15","証券口座へ入金","-100000","〇〇銀行","振替","口座間移動","","1","e2e0000004"
"1","2026/07/10","家賃","-90000","〇〇銀行","住宅","家賃","","0","e2e0000005"
"1","2026/06/30","スーパー〇〇","-4100","〇〇銀行","食費","食料品","","0","e2e0000006"
"1","2026/06/28","給与","300000","〇〇銀行","収入","給与","6月分","0","e2e0000007"
"1","2026/06/18","カフェ〇〇","-600","〇〇カード","食費","外食","","0","e2e0000008"
"0","2026/06/05","立替分の精算","-5000","〇〇カード","その他","立替","集計から外す","0","e2e0000009"
